CHR,rs,BP,n_miss,allele1,allele0,af,beta,se,logl_H1,l_remle,P,SNP
1,NC_044244.1-52562331,52562331,0,T,A,0.47500000000000003,-0.5025898,0.06785001,-1.443986,0.3386054,6.14243154069538,1540443
1,NC_044244.1-76700169,76700169,1,C,G,0.47400000000000003,0.5013552,0.06627039,-1.37058,100000,6.269209086964193,2239102
1,NC_044244.1-123166758,123166758,1,T,G,0.579,0.5108695999999999,0.06799313,-1.2342769999999998,9.999999999999999e-6,6.227827240741368,3504422
1,NC_044244.1-125204076,125204076,1,A,T,0.526,0.5039752,0.04734824,3.646044,100000,8.469878328079865,3571462
1,NC_044244.1-156874022,156874022,0,T,C,0.325,-0.6161137999999999,0.07239456,0.5152071,9.999999999999999e-6,6.998079892015289,4493790
1,NC_044244.1-179868548,179868548,2,C,T,0.389,-0.5320429,0.07146729,-1.592249,100000,6.17242526120396,5166806
1,NC_044244.1-196544740,196544740,1,A,C,0.447,0.51,0.05605884,1.489376,9.999999999999999e-6,7.42598147176393,5649415
2,NC_044245.1-31828948,31828948,0,T,G,0.55,-0.5063291,0.057776640000000004,0.9400885,9.999999999999999e-6,7.184785976159399,6551910
2,NC_044245.1-33327275,33327275,1,G,A,0.289,0.8008227,0.08525522,1.75281,100000,7.634624159929565,6596294
2,NC_044245.1-38135031,38135031,0,G,T,0.35000000000000003,0.5758852999999999,0.06618456,0.6619797,14.276520000000001,7.13910112747178,6734778
2,NC_044245.1-73022291,73022291,0,A,C,0.5,-0.49978409999999995,0.05748835,0.5943196,100000,7.133560064238297,7640796
2,NC_044245.1-91726062,91726062,0,G,A,0.65,0.5737705,0.06692595,0.6212154999999999,9.999999999999999e-6,7.04467503465696,8181721
2,NC_044245.1-92515645,92515645,1,G,T,0.47400000000000003,-0.5088028,0.06721315,-1.3474899999999999,100000,6.272953827983176,8202672
2,NC_044245.1-95986863,95986863,0,T,C,0.375,0.5545198,0.060655350000000004,1.351367,100000,7.457713731386373,8298474
2,NC_044245.1-117492051,117492051,1,A,G,0.47400000000000003,0.5033972999999999,0.049424710000000004,3.0172399999999997,15.35696,8.172027076646142,8938744
2,NC_044245.1-138987363,138987363,0,C,G,0.425,-0.5263805,0.06540291,-0.48976,100000,6.6479622708487724,9587541
3,NC_044246.1-62229821,62229821,1,C,T,0.526,0.5000897,0.06485001,-1.1143539999999998,100000,6.3852633550295685,11531999
3,NC_044246.1-62229822,62229822,1,A,G,0.526,0.5000897,0.06485001,-1.1143539999999998,100000,6.3852633550295685,11532000
3,NC_044246.1-101839232,101839232,1,T,C,0.211,-0.9090908999999999,0.1185794,-0.9578664,9.999999999999999e-6,6.34969888931715,12713007
5,NC_044248.1-26211080,26211080,0,G,A,0.525,-0.5016723,0.06781229,-1.445083,9.999999999999999e-6,6.1348319227735,14164571
5,NC_044248.1-26527870,26527870,0,A,G,0.425,0.5154639,0.06580256,-0.6594736999999999,9.999999999999999e-6,6.481183870000953,14174146
5,NC_044248.1-33697341,33697341,1,A,G,0.711,0.6803062999999999,0.08425499,-0.44938649999999997,100000,6.668051255866637,14317870
5,NC_044248.1-34804481,34804481,0,T,C,0.5,0.49782099999999996,0.05714458,0.6199764,100000,7.146735630247474,14351731
8,NC_044251.1-22418486,22418486,0,G,T,0.775,-0.9106183,0.10110469999999999,1.331931,0.2004987,7.3609292777054485,15903246
8,NC_044251.1-35554574,35554574,1,A,C,0.47400000000000003,0.5,0.06851888,-1.630083,9.999999999999999e-6,6.053184435561598,16253195
12,NC_044255.1-17301260,17301260,0,A,G,0.425,0.5294536,0.06441377,-0.1904416,100000,6.779104616977126,19436457
13,NC_044256.1-15059222,15059222,1,G,A,0.368,0.5677245,0.07448586,-1.26891,100000,6.31430034970648,19966330
15,NC_044258.1-17738994,17738994,1,C,T,0.421,-0.5108695999999999,0.06799314000000001,-1.2342769999999998,9.999999999999999e-6,6.227827167355655,20957468
16,NC_044259.1-11712481,11712481,1,A,G,0.526,0.5019669,0.06831098000000001,-1.607843,1.956394,6.094613358443284,21275945
22,NC_044265.1-1551844,1551844,1,C,T,0.316,0.6225911,0.07906406,-0.7899139,100000,6.513239780922134,22569217
28,NC_044271.1-5069239,5069239,0,A,G,0.5750000000000001,-0.5324162,0.06598964,-0.4440801,100000,6.6632869682288485,23297252
31,NC_044274.1-41988462,41988462,2,A,T,0.5,0.5001852999999999,0.03715615,7.394806999999999,100000,10.109791653109529,23640684
31,NC_044274.1-41989268,41989268,2,G,A,0.444,0.5012325,0.040318690000000004,6.104964,100000,9.545053359387799,23640688
31,NC_044274.1-41989563,41989563,1,A,G,0.47400000000000003,-0.4553061,0.05606232,-0.37702979999999997,100000,6.70416866551681,23640689
31,NC_044274.1-41989659,41989659,1,G,A,0.47400000000000003,-0.4997197,0.02629804,13.186700000000002,100000,12.633387488921318,23640691
31,NC_044274.1-41989666,41989666,1,C,A,0.47400000000000003,-0.4997197,0.02629804,13.186700000000002,100000,12.633387488921318,23640692
32,NC_044276.1-17224546,17224546,0,T,C,0.275,0.9155072999999999,0.09634725,1.911185,100000,7.710369804816609,23887136
